{"cameraMode":{"drawMode":0,"name":"Shaded","section":"Shading Mode"},"sceneLighting":true,"audioPlay":false,"sceneViewState":{"m_AlwaysRefresh":false,"showFog":true,"showSkybox":true,"showFlares":true,"showImageEffects":true,"showParticleSystems":true,"showVisualEffectGraphs":true,"m_FxEnabled":true},"in2DMode":false,"pivot":{"x":-0.28866052627563479,"y":10.438364028930664,"z":1.4033608436584473},"rotation":{"x":0.059740982949733737,"y":-0.601896345615387,"z":0.04522714018821716,"w":0.7950519323348999},"size":5.2375617027282719,"orthographic":true}