{"cameraMode":{"drawMode":0,"name":"Shaded","section":"Shading Mode"},"sceneLighting":true,"audioPlay":false,"sceneViewState":{"m_AlwaysRefresh":false,"showFog":true,"showSkybox":true,"showFlares":true,"showImageEffects":true,"showParticleSystems":true,"showVisualEffectGraphs":true,"m_FxEnabled":true},"in2DMode":false,"pivot":{"x":-0.4200742244720459,"y":0.3342220187187195,"z":-0.15226536989212037},"rotation":{"x":-0.07266528904438019,"y":0.9272713661193848,"z":-0.25394612550735476,"w":-0.26533517241477969},"size":0.9875208735466003,"orthographic":false}